Antoo,Administrateur,302788826424672266,76561199565760192
Fall,Administrateur,1160865442756300840,76561199808875467
Gianni,Administrateur,189039624977514497,76561198293657547
Hassvn,Administrateur,163436482671935488,76561198210800585
Hqked,Administrateur,578103327120818196,76561198950921888
Kuzco_rs,Administrateur,795046640200581162,76561199260585174
Lawsko,Administrateur,598469811793690629,76561198848144851
Lyess,Administrateur,227109077182840832,76561198253868330
Mahdy,Administrateur,681794603749343243,76561199500973819
Nafox,Administrateur,247056836656627712,76561198434064497
RS-yassin,Administrateur,424265385617915915,76561198967411637
Simba,Administrateur,195574420096548864,76561198098149457
vkg,Administrateur,264057737929949184,76561198827024064