Baguette,Responsable Animation,373208642767552512,76561199090841768
Eirynn,Responsable Animation,504394464912080917,76561199110644792
Masuma,Responsable Animation,1254680800277041274,76561198801062493
PurpleChill,Responsable Animation,504328363876548613,76561199160748485
.jeiwoo,Animateur Senior,1324448201507340432,76561198255928098
6wagone_,Animateur Senior,1107050721699971233,76561198977109080
aikawa5918,Animateur Senior,418129521410310154,76561199240743605
Astaa,Animateur Senior,953052941491773440,76561199171192801
Draxxy,Animateur Senior,751336050877792266,76561199552489844
kira0184,Animateur Senior,568838608312860676,76561198986158477
Kylianze,Animateur Senior,1078762278901522442,76561199593417996
L1,Animateur Senior,217319024705536000,76561198204815299
Mikey,Animateur Senior,992528873612922970,76561199551108019
Rayze,Animateur Senior,389856168438136838,76561198978610315
Sanpe,Animateur Senior,392018955218190358,76561198246923618
Tteno_,Animateur Senior,329615008789168138,76561198140315286
.morphee.,Animateur,371440663272620033,76561198396388376
Anataa,Animateur,1289614133880426517,76561199713073914
Aseka,Animateur,1405674911690915921,76561199160951868
Bakuga,Animateur,411606851285942272,76561198827432462
Dante_Amadeus,Animateur,239205657650135041,76561198120471114
Dvmgroovii,Animateur,747390202590527509,76561199260129744
inelkun,Animateur,254769229138493450,76561198155181020
ismov,Animateur,686286596189716507,76561199635146369
Jefe,Animateur,422391431022247946,76561198379996618
Nassimin0,Animateur,596607286403792896,76561198185905347
paradoxx43,Animateur,1001979267715965051,76561198357428369
Perroquot,Animateur,375339417239289880,76561198968773708
Polo,Animateur,76561198200941702,76561198200941702
rd92,Animateur,727668043743887382,76561199387961749
redonthepack,Animateur,885605070463442995,76561198337586062
Rkiller,Animateur,329731669894365185,76561197977795805
ryujin,Animateur,412772612067033088,76561198992883501
Sabrinho,Animateur,544565558859923484,76561199203744766
Sauka,Animateur,226012741339578369,76561198072100401
shoro9024,Animateur,235800958494310400,76561199142801920
Sls,Animateur,711064979779878943,76561199336623002
Tauruld,Animateur,344098306592604162,76561198083377468
Tetsujin,Animateur,956984264640053279,76561199838830634
vrairajel,Animateur,443472211194675221,76561198307732246
ykt59,Animateur,980144367408930907,76561198309288707