Channe,Responsable Builder,397483833248710659,76561198047723741
Mactoine,Responsable Builder,1167515796222779593,76561199500460120
Dragon,Builder,281918436454563841,76561198342333294
Eclesya,Builder,141261287752597504,76561198032835360
Ego_Nagisa,Builder,484391004565143552,76561198969255245
Kaochi,Builder,333872447361122308,76561198326146688
Kop,Builder,306077791709954060,76561198246726464
MAAB,Builder,1339719585946931241,76561199015017988
Near,Builder,1121099933345394792,76561199267420992
OOuPS,Builder,363738914252652544,76561198159660294
Othman,Builder,115165418179526658,76561198068779192
Sama (senior),Builder,526773967390769152,76561199022020879