Akisorry,Responsable Douane,303304983057793037,76561198806134544
Nagisa,Responsable Douane,277853118937563136,76561198292929507
Rayzox,Responsable Douane,1083550339459977326,76561199218534636
kcgarage,Douanier Senior,689217097552756788,76561199838498126
orimi000,Douanier Senior,431192627560448000,76561198299591999
unluck2889,Douanier Senior,327149465226051586,76561198318855631
cllave,Douanier,474283045667733517,76561199395132095
flauuf,Douanier,212181419261296640,76561198193078638
kamil_b69,Douanier,459077823190138899,76561199112616435
kenekos,Douanier,636965271432855572,76561199062159785
kisa,Douanier,643563572697235456,76561199013810096
neolytik,Douanier,233980703354650624,76561198369549188
yaeniss,Douanier,998689620344701039,76561199705724074
ykt59,Douanier,980144367408930907,76561198309288707