Hassvn,Responsable MJ,163436482671935488,76561198210800585
Tsuki,Responsable MJ,381763507991085056,76561199109395900
54risu / Sia,MJ Senior,1349324138694705184,76561199447504885
Fouad,MJ Senior,332656992839532546,76561198847706441
Houcine,MJ Senior,1096194004099534921,76561199804751891
Innsaf,MJ Senior,407615642322206730,76561198798224130
Neyney,MJ Senior,297161433396019200,76561198149677437
Shynitz,MJ Senior,919642674590527528,76561198214014983
Xadd,MJ Senior,356082885192581130,76561198857812909
Anto,MJ,302788826424672266,76561199565760192
Ayman,MJ,1260006796073111652,76561198246541092
bnj.dono,MJ,335842246748536833,76561199108605365
Bubu,MJ,1061977018725584908,76561198338194523
Chadii,MJ,1078423690359881738,76561198156271381
Dragunov,MJ,236184869011587082,76561198275151492
Dymadono,MJ,689447513828229158,76561199703125709
Erti,MJ,473174915726573587,76561198288378641
Faily,MJ,1183845385417007154,76561199502928810
flixeur (Xiong),MJ,278952570590986240,76561199098669597
Genjaa,MJ,718993925485887529,76561199497645425
Glenn,MJ,793563413027749950,76561199248109036
Ilyesiz,MJ,1296574990438629397,76561199086261901
Jcko0749,MJ,827194014590959636,76561198926782475
Karia,MJ,1404782987605835823,76561198985803168
Krw,MJ,472444802525429771,76561199223739910
Kyôko,MJ,499909039652601866,76561199130898955
Le_V,MJ,1373658416634925187,76561199857598371
LeSoren,MJ,338740871757299714,76561198273603171
LKR,MJ,1279230200374362152,76561199161179725
Maabousalam,MJ,1339719585946931241,76561199015017988
Meehdii18,MJ,226696499369607168,76561198193124314
mokhtartwelveee,MJ,227476894163927061,76561198196463114
Moumo,MJ,409097085493706752,76561198889243397
Naytop2tt,MJ,969004020310106163,76561198838742731
nlk__69,MJ,758371455288868950,76561199245738328
Nyu,MJ,412661649049387008,76561198867179870
oslyy,MJ,398200808551743488,76561198880178827
Othman,MJ,115165418179526658,76561198068779192
OussBE,MJ,282624114445778946,76561198954950408
Raïhan,MJ,282243870215897088,76561199013770364
ritoki,MJ,239512371545112577,76561198210628617
Rx,MJ,660213860598415475,76561199132617785
Samso216,MJ,442002681523994624,76561198335814925
Seven,MJ,1177759107302830200,76561198973677149
Shinikan,MJ,1122596149153509517,76561198203103308
Surny,MJ,270660320299581450,76561198868366781
SwxyZen,MJ,581167941375229973,76561199203416784
taigaenbien,MJ,1222617414269927515,76561199811050503
Talmadeuz,MJ,947972944624246816,76561199545023309
tichu,MJ,380777119980191745,76561198057316503
trydersss,MJ,934037800960004106,76561198243005748
Tsune,MJ,795737217837694986,76561199263472592
tsupac,MJ,410859260226830367,76561198249792866
Veglo,MJ,765906832119693323,76561199196196069
Wilzyxr,MJ,977526434325217280,76561199251754331
Xeetos,MJ,262676943961456641,76561198233562672
Yorivian,MJ,246689141297905665,76561198306188582
Zeukin,MJ,705910467461382195,76561199853405931
Zowlak,MJ,639938794178478093,76561198410340262
zvraki,MJ,345202793398665217,76561198157596853