2ab,Responsable Modération,840576549039636500,76561199537093562
Karna,Responsable Modération,280716572593487873,76561198995600788
Hellboy,Modérateur Senior,470506074131398656,76561198267515274
ibeauw,Modérateur Senior,1207133990130286633,76561198187870685
lakalash,Modérateur Senior,713446280612806669,76561199088201437
lejuge91,Modérateur Senior,607459783263387653,76561198984590621
ozayne,Modérateur Senior,1427200223800721480,76561199200977657
stevii,Modérateur Senior,151803910514933760,76561198054067310
teyzozo,Modérateur Senior,366278486693904384,76561198444766308
Tqtpass,Modérateur Senior,1156218289953980509,76561199146908575
._ali,Modérateur,362609791346147329,76561198443089369
.leyti,Modérateur,572157027338551298,76561199123581891
91evans,Modérateur,301722525610803201,76561198125737782
AKR,Modérateur,945073260947730432,76561198879034135
akupvkm,Modérateur,1182011600056627311,76561199006503530
Aymenz_,Modérateur,636961946809401354,76561199712636193
dhm.bnc,Modérateur,456132714014310402,76561199275330946
eazyyyyy,Modérateur,433692786060034059,76561198134839329
karfala,Modérateur,962246166202970112,76561199262241206
Kerns,Modérateur,553080660181516298,76561198189397313
kudorw.,Modérateur,1124737678320078968,76561199311416614
Mitsuky,Modérateur,375599935338446851,76561198836764353
mokhtartwelveee,Modérateur,227476894163927061,76561198196463114
Nezoxy,Modérateur,1142969347539730464,76561199438027404
Parox,Modérateur,552192751970680852,76561198405181149
raayaannn,Modérateur,372082346431610890,76561198313258320
raumeuh,Modérateur,181817200737386497,76561198235454604
Rayane,Modérateur,231447828172374016,76561198102020710
shyr0s,Modérateur,310080384757137409,76561198365123854
Soren,Modérateur,283670466730917889,76561198223494432
sousballon93._,Modérateur,636577616442163209,76561198325483556
Swyzenn91,Modérateur,453926687848267777,76561199155748621